{
    "user_id": "Victoria",
    "run_id": 0,
    "handle_bbox": [
        [
            187.25247192382812,
            470.32159423828125,
            145.58856201171875,
            209.56417846679688
        ],
        [
            302.0165710449219,
            876.5682983398438,
            138.4705352783203,
            175.503173828125
        ],
        [
            583.6103515625,
            1079.921142578125,
            63.60919189453125,
            90.60009765625
        ],
        [
            550.4570922851562,
            1002.5677490234375,
            73.271728515625,
            77.06903076171875
        ],
        [
            536.951416015625,
            901.0142211914062,
            68.78109741210938,
            98.5628662109375
        ],
        [
            69.5605697631836,
            147.1827392578125,
            39.81399154663086,
            43.19171142578125
        ],
        [
            284.609619140625,
            180.59365844726562,
            57.153900146484375,
            61.28282165527344
        ],
        [
            333.9078674316406,
            620.4462280273438,
            81.41180419921875,
            93.253662109375
        ],
        [
            429.0722351074219,
            224.83218383789062,
            39.72503662109375,
            57.322265625
        ],
        [
            448.16729736328125,
            288.8052062988281,
            37.3065185546875,
            84.08831787109375
        ],
        [
            799.5987548828125,
            877.6256713867188,
            53.6851806640625,
            57.657958984375
        ],
        [
            471.44732666015625,
            557.2321166992188,
            88.58657836914062,
            81.02783203125
        ],
        [
            160.04815673828125,
            1182.279541015625,
            36.82249450683594,
            44.0928955078125
        ],
        [
            327.6528015136719,
            488.351318359375,
            56.18402099609375,
            78.2183837890625
        ],
        [
            87.12355041503906,
            626.2431640625,
            38.80510711669922,
            38.08599853515625
        ],
        [
            700.49951171875,
            536.02392578125,
            30.10101318359375,
            32.15069580078125
        ],
        [
            566.2052001953125,
            282.60552978515625,
            28.47967529296875,
            27.382659912109375
        ],
        [
            626.862548828125,
            501.47711181640625,
            23.14190673828125,
            33.085174560546875
        ],
        [
            751.517578125,
            951.5906982421875,
            16.36114501953125,
            20.90020751953125
        ],
        [
            734.4156494140625,
            1121.69677734375,
            16.49139404296875,
            22.520263671875
        ],
        [
            186.9398651123047,
            667.7396240234375,
            27.81805419921875,
            32.361083984375
        ],
        [
            576.0491943359375,
            520.6729736328125,
            137.67852783203125,
            168.54583740234375
        ],
        [
            660.9806518554688,
            1140.1912841796875,
            23.0455322265625,
            24.168212890625
        ],
        [
            651.1123046875,
            732.6693115234375,
            36.13763427734375,
            182.62298583984375
        ],
        [
            662.5184326171875,
            940.3231201171875,
            34.2685546875,
            204.186767578125
        ],
        [
            681.7391357421875,
            603.076904296875,
            23.3511962890625,
            31.866943359375
        ],
        [
            647.291015625,
            418.09320068359375,
            25.41717529296875,
            28.27154541015625
        ],
        [
            42.39012145996094,
            212.7789306640625,
            23.9455623626709,
            37.6712646484375
        ],
        [
            521.3153076171875,
            383.6510314941406,
            54.99139404296875,
            79.90423583984375
        ],
        [
            23.4282169342041,
            841.4522705078125,
            45.44353103637695,
            96.740966796875
        ],
        [
            264.00164794921875,
            380.79010009765625,
            22.155075073242188,
            33.1478271484375
        ],
        [
            727.3713989257812,
            636.923828125,
            23.926025390625,
            27.62872314453125
        ],
        [
            252.72671508789062,
            1054.165283203125,
            19.678604125976562,
            25.080322265625
        ],
        [
            690.431640625,
            404.4765625,
            50.8956298828125,
            83.12850952148438
        ],
        [
            596.9752807617188,
            338.8518371582031,
            25.114501953125,
            34.765380859375
        ],
        [
            697.7135009765625,
            826.6032104492188,
            21.65924072265625,
            33.890380859375
        ],
        [
            749.530517578125,
            1038.087646484375,
            14.60540771484375,
            18.5819091796875
        ],
        [
            687.3138427734375,
            730.9063720703125,
            20.57415771484375,
            23.12548828125
        ],
        [
            736.7655639648438,
            871.0245361328125,
            15.4344482421875,
            17.36431884765625
        ],
        [
            592.45263671875,
            407.27911376953125,
            16.58795166015625,
            22.2996826171875
        ],
        [
            197.7501220703125,
            1252.0789794921875,
            140.75050354003906,
            91.842041015625
        ],
        [
            629.8145141601562,
            868.984375,
            21.0028076171875,
            34.3907470703125
        ],
        [
            691.3263549804688,
            393.7430725097656,
            48.1436767578125,
            57.62890625
        ],
        [
            706.7297973632812,
            1007.8023681640625,
            17.149658203125,
            20.316162109375
        ],
        [
            707.023193359375,
            1084.0137939453125,
            15.39215087890625,
            25.365966796875
        ],
        [
            521.9186401367188,
            394.4916687011719,
            53.431915283203125,
            55.164794921875
        ],
        [
            693.9487915039062,
            1126.5306396484375,
            15.28369140625,
            24.794189453125
        ]
    ]
}